Id,Title,Label
0,Tom Brady Leads Tampa Bay Buccaneers to Super Bowl Victory,Entertainment
1,Simone Biles Makes History with Triple-Double in Gymnastics World Championships,Entertainment
2,NBA Playoffs: Lakers and Clippers Face Off in Western Conference Finals,Entertainment
3,President Signs Historic Climate Change Legislation into Law,Politics
4,Election Update: Close Race for Governor in Key Swing State,Politics
5,International Summit Addresses Global Security Concerns,Politics
6,Netflix's New Series Explores the Life of a Renowned Artist,Entertainment
7,Local Museum Hosts Exhibit Celebrating Indigenous Heritage,Culture
8,Hollywood Stars Attend Gala to Support LGBTQ+ Rights,Culture
9,Tech Giants Report Strong Quarterly Profits Despite Market Volatility,Economics
10,Federal Reserve Announces Interest Rate Hike to Combat Inflation,Economics
11,Global Trade Agreements Impact Agriculture Prices Worldwide,Economics
12,Hollywood A-Listers Gather for Glamorous Red Carpet Event,Entertainment
13,Chart-Topping Artist Announces Nationwide Concert Tour,Entertainment
14,New Film Festival Showcases Independent Filmmakers' Talent,Entertainment
15,TV Series Finale Leaves Fans in Awe and Tears,Entertainment
16,Iconic Rock Band Celebrates 30th Anniversary with Reunion Tour,Entertainment
17,Breakthrough in Quantum Computing Paves the Way for Supercomputers,Science
18,Mars Rover Uncovers Compelling Evidence of Ancient Life on the Red Planet,Science
19,Researchers Develop Promising Treatment for Alzheimer's Disease,Science
20,New Study Reveals Surprising Effects of Climate Change on Ocean Ecosystems,Science
21,Scientific Expedition Discovers New Species in Uncharted Rainforest,Science
22,Innovative Schools Implement Technology-Driven Learning for Students,Science
23,Teacher of the Year Awarded for Outstanding Commitment to Education,Entertainment
24,Online Learning Platforms Revolutionize Higher Education,Science
25,Education Policy Reforms Aim to Improve Student Outcomes,Politics
26,High School Robotics Team Wins International Competition,Politics
27,Global Efforts to Improve Access to Vaccines for Underserved Communities,Politics
28,Mental Health Awareness Month: Initiatives to Promote Well-Being,Science
29,Healthcare Industry Adapts to Telemedicine for Remote Patient Care,Science
30,Exotic Destinations for Your Next Adventure Vacation,Entertainment
31,Discovering the Hidden Gems of a Charming European City,Entertainment
32,Eco-Tourism: Exploring Sustainable Travel Options,Entertainment
33,Cruise Ship Sets Sail on Epic Journey Around the World,Entertainment
34,Hurricane Warning Issued as Storm Strengthens in the Gulf of Mexico,Nature
35,"Earthquake Devastates Region, Prompts Urgent Relief Efforts",Nature
36,Wildfires Threaten Communities in the Western United States,Nature
37,Tropical Cyclone Causes Flooding and Destruction in Coastal Areas,Nature
38,Tornadoes Leave Trail of Destruction Across Several States,Nature
