"Country Name", 1960, 1961, 1962, 1963, 1964, 1965, 1966, 1967, 1968, 1969, 1970, 1971, 1972, 1973, 1974, 1975, 1976, 1977, 1978, 1979, 1980, 1981, 1982, 1983, 1984, 1985, 1986, 1987, 1988, 1989, 1990, 1991, 1992, 1993, 1994, 1995, 1996, 1997, 1998, 1999, 2000, 2001, 2002, 2003, 2004, 2005, 2006, 2007, 2008, 2009, 2010, 2011, 2012, 2013, 2014, 2015, 2016, 2017, 2018, 2019, 2020, 2021, 2022, 
"Afghanistan", 0, 0, 0, 0, 0, 0, 0, 0, 0, 0, 0, 0, 0, 0, 0, 0, 0, 0, 0, 0, 0, 0, 0, 0, 0, 0, 0, 0, 0, 0, 0, 0, 0, 0, 0, 0, 0, 0, 0, 0, 0, 0, 0, 0, 0, 0, 0, 0, 0, 0, 0, 0, 0, 0, 0, 0, 0, 0, 0, 0, 0, 0
"Angola", 0, 0, 0, 0, 0, 0, 0, 0, 0, 0, 0, 0, 0, 0, 0, 0, 0, 0, 0, 0, 0, 0, 0, 0, 0, 0, 0, 0, 0, 0, 0, 0, 0, 0, 0, 0, 0, 0, 52.0, 0, 0, 0, 0, 0, 0, 0, 42.7, 0, 0, 0, 0, 0, 0, 0, 0, 0, 51.3, 0, 0, 0, 0, 0
"Albania", 0, 0, 0, 0, 0, 0, 0, 0, 0, 0, 0, 0, 0, 0, 0, 0, 0, 0, 0, 0, 0, 0, 0, 0, 0, 0, 0, 0, 0, 0, 0, 0, 0, 0, 27.0, 0, 0, 0, 0, 0, 31.7, 0, 0, 30.6, 0, 0, 30.0, 0, 0, 0, 29.0, 0, 34.6, 32.8, 33.7, 33.1, 30.1, 30.1, 29.4, 0, 0, 0
"Andorra", 0, 0, 0, 0, 0, 0, 0, 0, 0, 0, 0, 0, 0, 0, 0, 0, 0, 0, 0, 0, 0, 0, 0, 0, 0, 0, 0, 0, 0, 0, 0, 0, 0, 0, 0, 0, 0, 0, 0, 0, 0, 0, 0, 0, 0, 0, 0, 0, 0, 0, 0, 0, 0, 0, 0, 0, 0, 0, 0, 0, 0, 0
"United Arab Emirates", 0, 0, 0, 0, 0, 0, 0, 0, 0, 0, 0, 0, 0, 0, 0, 0, 0, 0, 0, 0, 0, 0, 0, 0, 0, 0, 0, 0, 0, 0, 0, 0, 0, 0, 0, 0, 0, 0, 0, 0, 0, 0, 0, 0, 0, 0, 0, 0, 0, 0, 0, 32.5, 0, 0, 0, 0, 26.0, 0, 0, 0, 0, 0
"Argentina", 0, 0, 0, 0, 0, 0, 0, 0, 0, 0, 0, 0, 0, 0, 0, 0, 0, 0, 40.8, 0, 0, 0, 0, 0, 42.8, 45.3, 0, 0, 0, 46.8, 45.5, 44.9, 45.9, 48.9, 49.5, 49.1, 50.7, 49.8, 51.1, 53.3, 53.8, 50.9, 48.4, 47.7, 46.3, 46.2, 44.9, 43.7, 43.6, 42.6, 41.3, 40.9, 41.6, 0, 42.0, 41.1, 41.3, 42.9, 42.3, 42.0, 0, 0
"Armenia", 0, 0, 0, 0, 0, 0, 0, 0, 0, 0, 0, 0, 0, 0, 0, 0, 0, 0, 0, 0, 0, 0, 0, 0, 0, 0, 0, 0, 0, 0, 0, 0, 0, 0, 0, 0, 0, 36.2, 0, 35.4, 34.8, 33.0, 37.5, 36.0, 29.7, 31.2, 29.2, 28.0, 30.0, 29.4, 29.6, 30.6, 31.5, 32.4, 32.5, 33.6, 34.4, 30.0, 25.1, 27.9, 0, 0
"Antigua and Barbuda", 0, 0, 0, 0, 0, 0, 0, 0, 0, 0, 0, 0, 0, 0, 0, 0, 0, 0, 0, 0, 0, 0, 0, 0, 0, 0, 0, 0, 0, 0, 0, 0, 0, 0, 0, 0, 0, 0, 0, 0, 0, 0, 0, 0, 0, 0, 0, 0, 0, 0, 0, 0, 0, 0, 0, 0, 0, 0, 0, 0, 0, 0
"Austria", 0, 0, 0, 0, 0, 0, 0, 0, 0, 0, 0, 0, 0, 0, 0, 0, 0, 0, 0, 0, 0, 0, 0, 0, 0, 0, 0, 0, 0, 0, 0, 0, 30.8, 29.9, 29.3, 29.1, 31.3, 29.7, 29.0, 0, 0, 29.5, 29.8, 28.7, 29.6, 30.6, 30.4, 31.5, 30.3, 30.8, 30.5, 30.8, 30.5, 30.5, 30.8, 29.7, 30.8, 30.2, 29.8, 0, 0, 0
"Azerbaijan", 0, 0, 0, 0, 0, 0, 0, 0, 0, 0, 0, 0, 0, 0, 0, 0, 0, 0, 0, 0, 0, 0, 0, 0, 0, 0, 0, 0, 0, 0, 0, 0, 0, 34.7, 0, 0, 0, 0, 0, 36.5, 25.3, 26.8, 26.6, 26.6, 0, 0, 0, 0, 0, 0, 0, 0, 0, 0, 0, 0, 0, 0, 0, 0, 0, 0
"Burundi", 0, 0, 0, 0, 0, 0, 0, 0, 0, 0, 0, 0, 0, 0, 0, 0, 0, 0, 0, 0, 0, 0, 0, 0, 0, 0, 0, 0, 0, 0, 33.3, 0, 0, 0, 0, 0, 42.3, 0, 0, 0, 0, 0, 0, 0, 33.4, 0, 0, 0, 0, 0, 0, 38.6, 0, 0, 0, 0, 0, 0, 0, 0, 0, 0
"Belgium", 0, 0, 0, 0, 0, 0, 0, 0, 0, 0, 0, 0, 0, 0, 0, 0, 0, 0, 0, 0, 0, 0, 0, 25.2, 0, 0, 25.7, 0, 0, 0, 25.0, 0, 0, 28.4, 0, 26.8, 0, 0, 33.1, 0, 0, 28.1, 30.5, 29.3, 28.1, 29.2, 28.4, 28.6, 28.4, 28.1, 27.5, 27.7, 28.1, 27.7, 27.6, 27.4, 27.2, 27.2, 26.0, 0, 0, 0
"Benin", 0, 0, 0, 0, 0, 0, 0, 0, 0, 0, 0, 0, 0, 0, 0, 0, 0, 0, 0, 0, 0, 0, 0, 0, 0, 0, 0, 0, 0, 0, 0, 0, 0, 0, 0, 0, 0, 0, 0, 0, 0, 38.6, 0, 0, 0, 0, 0, 0, 0, 43.4, 0, 0, 0, 47.8, 0, 0, 37.9, 0, 0, 0, 0, 0
"Burkina Faso", 0, 0, 0, 0, 0, 0, 0, 0, 0, 0, 0, 0, 0, 0, 0, 0, 0, 0, 0, 0, 0, 0, 0, 0, 0, 0, 0, 0, 0, 0, 0, 0, 48.1, 0, 0, 0, 49.9, 0, 0, 0, 0, 43.3, 0, 0, 0, 0, 0, 39.8, 0, 0, 0, 0, 35.3, 0, 0, 0, 43.0, 0, 0, 0, 0, 0
"Bangladesh", 0, 0, 0, 0, 0, 0, 0, 0, 0, 0, 0, 0, 0, 0, 0, 0, 0, 0, 0, 0, 0, 25.9, 0, 26.9, 0, 0, 28.8, 0, 0, 27.6, 0, 0, 0, 32.9, 0, 0, 0, 0, 33.4, 0, 0, 0, 0, 33.2, 0, 0, 0, 0, 32.1, 0, 0, 0, 0, 0, 32.4, 0, 0, 0, 0, 0, 31.8, 0
"Bulgaria", 0, 0, 0, 0, 0, 0, 0, 0, 0, 0, 0, 0, 0, 0, 0, 0, 0, 0, 0, 0, 0, 0, 0, 0, 0, 0, 0, 0, 0, 0, 0, 0, 0, 0, 0, 0, 0, 0, 0, 0, 0, 0, 0, 0, 35.7, 36.1, 33.6, 33.8, 35.7, 34.3, 36.0, 36.6, 37.4, 38.6, 40.6, 40.4, 41.3, 40.3, 40.5, 0, 0, 0
"Bahrain", 0, 0, 0, 0, 0, 0, 0, 0, 0, 0, 0, 0, 0, 0, 0, 0, 0, 0, 0, 0, 0, 0, 0, 0, 0, 0, 0, 0, 0, 0, 0, 0, 0, 0, 0, 0, 0, 0, 0, 0, 0, 0, 0, 0, 0, 0, 0, 0, 0, 0, 0, 0, 0, 0, 0, 0, 0, 0, 0, 0, 0, 0
"Bahamas, The", 0, 0, 0, 0, 0, 0, 0, 0, 0, 0, 0, 0, 0, 0, 0, 0, 0, 0, 0, 0, 0, 0, 0, 0, 0, 0, 0, 0, 0, 0, 0, 0, 0, 0, 0, 0, 0, 0, 0, 0, 0, 0, 0, 0, 0, 0, 0, 0, 0, 0, 0, 0, 0, 0, 0, 0, 0, 0, 0, 0, 0, 0
"Bosnia and Herzegovina", 0, 0, 0, 0, 0, 0, 0, 0, 0, 0, 0, 0, 0, 0, 0, 0, 0, 0, 0, 0, 0, 0, 0, 0, 0, 0, 0, 0, 0, 0, 0, 0, 0, 0, 0, 0, 0, 0, 0, 30.0, 0, 0, 34.0, 0, 0, 33.1, 0, 0, 0, 33.0, 0, 0, 0, 0, 0, 0, 0, 0, 0, 0, 0, 0
"Belarus", 0, 0, 0, 0, 0, 0, 0, 0, 0, 0, 0, 0, 0, 0, 0, 0, 0, 0, 0, 0, 0, 0, 0, 0, 0, 0, 0, 0, 0, 0, 0, 0, 0, 0, 0, 0, 32.0, 31.7, 31.2, 30.6, 30.3, 28.8, 26.5, 27.6, 28.3, 29.6, 27.8, 27.7, 28.6, 27.2, 26.5, 26.6, 27.2, 25.6, 25.3, 25.4, 25.2, 25.3, 24.4, 0, 0, 0
"Belize", 0, 0, 0, 0, 0, 0, 0, 0, 0, 0, 0, 0, 0, 0, 0, 0, 0, 0, 0, 0, 0, 0, 0, 0, 0, 0, 0, 0, 0, 0, 0, 60.3, 60.9, 0, 56.6, 60.4, 54.9, 53.3, 0, 0, 0, 0, 0, 0, 0, 0, 0, 0, 0, 0, 0, 0, 0, 0, 0, 0, 0, 0, 0, 0, 0, 0
"Bolivia", 0, 0, 0, 0, 0, 0, 0, 0, 0, 0, 0, 0, 0, 0, 0, 0, 0, 0, 0, 0, 0, 0, 0, 0, 0, 0, 0, 0, 0, 0, 0, 0, 0, 0, 0, 58.2, 0, 58.1, 61.6, 57.4, 59.3, 0, 55.0, 58.5, 56.7, 54.5, 50.8, 49.2, 0, 46.1, 46.6, 47.6, 47.8, 46.7, 45.2, 44.6, 42.6, 41.6, 43.6, 40.9, 0, 0
"Brazil", 0, 0, 0, 0, 0, 0, 0, 0, 0, 0, 0, 0, 0, 0, 0, 0, 0, 0, 0, 57.9, 58.4, 59.0, 58.4, 55.6, 58.5, 59.7, 61.4, 63.3, 60.5, 0, 53.2, 60.1, 0, 59.6, 59.9, 59.8, 59.6, 59.0, 0, 58.4, 58.1, 57.6, 56.5, 56.3, 55.6, 54.9, 54.0, 53.7, 0, 52.9, 53.4, 52.7, 52.0, 51.9, 53.3, 53.3, 53.9, 53.5, 48.9, 52.9, 0, 0
"Barbados", 0, 0, 0, 0, 0, 0, 0, 0, 0, 0, 0, 0, 0, 0, 0, 0, 0, 0, 0, 0, 0, 0, 0, 0, 0, 0, 0, 0, 0, 0, 0, 0, 0, 0, 0, 0, 0, 0, 0, 0, 0, 0, 0, 0, 0, 0, 0, 0, 0, 0, 0, 0, 0, 0, 0, 0, 0, 0, 0, 0, 0, 0
"Brunei Darussalam", 0, 0, 0, 0, 0, 0, 0, 0, 0, 0, 0, 0, 0, 0, 0, 0, 0, 0, 0, 0, 0, 0, 0, 0, 0, 0, 0, 0, 0, 0, 0, 0, 0, 0, 0, 0, 0, 0, 0, 0, 0, 0, 0, 0, 0, 0, 0, 0, 0, 0, 0, 0, 0, 0, 0, 0, 0, 0, 0, 0, 0, 0
"Bhutan", 0, 0, 0, 0, 0, 0, 0, 0, 0, 0, 0, 0, 0, 0, 0, 0, 0, 0, 0, 0, 0, 0, 0, 0, 0, 0, 0, 0, 0, 0, 0, 0, 0, 0, 0, 0, 0, 0, 0, 0, 0, 40.9, 0, 0, 0, 38.1, 0, 0, 0, 0, 38.8, 0, 0, 0, 0, 37.4, 0, 0, 0, 0, 28.5, 0
"Botswana", 0, 0, 0, 0, 0, 0, 0, 0, 0, 0, 0, 0, 0, 0, 0, 0, 0, 0, 0, 0, 0, 0, 0, 54.2, 0, 0, 0, 0, 0, 0, 0, 60.8, 0, 0, 0, 0, 0, 0, 0, 0, 64.7, 0, 0, 0, 0, 0, 0, 60.5, 0, 0, 0, 0, 0, 53.3, 0, 0, 0, 0, 0, 0, 0, 0
"Central African Republic", 0, 0, 0, 0, 0, 0, 0, 0, 0, 0, 0, 0, 0, 0, 0, 0, 0, 0, 0, 0, 0, 0, 0, 0, 0, 0, 0, 0, 0, 0, 61.3, 0, 0, 0, 0, 0, 0, 0, 0, 0, 0, 0, 0, 0, 0, 0, 56.2, 0, 0, 0, 0, 0, 0, 0, 0, 0, 0, 0, 0, 43.0, 0, 0
"Canada", 0, 0, 0, 0, 0, 0, 0, 0, 0, 37.3, 0, 34.9, 0, 34.1, 0, 33.7, 0, 33.5, 0, 33.0, 32.9, 0, 33.5, 33.2, 31.7, 31.7, 31.2, 31.0, 31.4, 32.0, 31.6, 31.7, 31.3, 31.5, 32.8, 33.1, 33.2, 33.1, 33.4, 33.6, 33.6, 33.8, 33.8, 33.6, 34.1, 33.8, 33.9, 34.0, 33.6, 32.7, 33.5, 33.8, 33.2, 33.7, 32.7, 33.3, 32.5, 31.7, 0, 0, 0, 0
"Switzerland", 0, 0, 0, 0, 0, 0, 0, 0, 0, 0, 0, 0, 0, 0, 0, 0, 0, 0, 0, 0, 36.0, 0, 0, 0, 0, 0, 0, 0, 0, 0, 33.9, 0, 0, 0, 0, 0, 0, 0, 33.4, 0, 31.7, 0, 0, 0, 33.9, 34.3, 33.8, 32.9, 32.6, 31.7, 31.6, 32.5, 32.5, 32.3, 33.0, 32.7, 33.1, 0, 0, 0, 0, 0
"Channel Islands", 0, 0, 0, 0, 0, 0, 0, 0, 0, 0, 0, 0, 0, 0, 0, 0, 0, 0, 0, 0, 0, 0, 0, 0, 0, 0, 0, 0, 0, 0, 0, 0, 0, 0, 0, 0, 0, 0, 0, 0, 0, 0, 0, 0, 0, 0, 0, 0, 0, 0, 0, 0, 0, 0, 0, 0, 0, 0, 0, 0, 0, 0
"Chile", 0, 0, 0, 0, 0, 0, 0, 0, 0, 0, 0, 0, 0, 0, 0, 0, 0, 0, 0, 0, 0, 0, 0, 0, 0, 56.2, 0, 0, 57.2, 0, 54.8, 0, 56.4, 0, 54.9, 0, 55.5, 0, 52.8, 0, 0, 51.5, 0, 0, 47.3, 0, 0, 47.0, 0, 46.0, 0, 45.8, 0, 44.4, 0, 44.4, 0, 0, 44.9, 0, 0, 0
"China", 0, 0, 0, 0, 0, 0, 0, 0, 0, 0, 0, 0, 0, 0, 0, 0, 0, 0, 0, 0, 0, 0, 0, 0, 0, 0, 0, 0, 32.2, 0, 0, 33.9, 0, 0, 35.2, 0, 0, 38.7, 0, 0, 42.0, 0, 0, 40.9, 0, 0, 43.0, 0, 43.7, 42.4, 42.2, 39.7, 39.2, 38.6, 38.5, 39.1, 38.5, 38.2, 37.1, 0, 0, 0
"Cameroon", 0, 0, 0, 0, 0, 0, 0, 0, 0, 0, 0, 0, 0, 0, 0, 0, 0, 0, 0, 0, 0, 0, 0, 0, 0, 0, 0, 0, 0, 0, 0, 0, 0, 0, 44.4, 0, 0, 0, 0, 42.1, 0, 0, 0, 0, 0, 42.8, 0, 0, 0, 0, 0, 0, 46.6, 0, 0, 0, 0, 0, 0, 0, 0, 0
"Congo, Dem. Rep.", 0, 0, 0, 0, 0, 0, 0, 0, 0, 0, 0, 0, 0, 0, 0, 0, 0, 0, 0, 0, 0, 0, 0, 0, 0, 0, 0, 0, 0, 0, 0, 0, 0, 0, 0, 0, 0, 0, 0, 0, 0, 0, 42.2, 0, 0, 0, 0, 0, 0, 0, 42.1, 0, 0, 0, 0, 0, 0, 0, 0, 0, 0, 0
"Congo, Rep.", 0, 0, 0, 0, 0, 0, 0, 0, 0, 0, 0, 0, 0, 0, 0, 0, 0, 0, 0, 0, 0, 0, 0, 0, 0, 0, 0, 0, 0, 0, 0, 0, 0, 0, 0, 0, 0, 0, 0, 0, 0, 0, 0, 47.3, 0, 0, 0, 0, 0, 48.9, 0, 0, 0, 0, 0, 0, 0, 0, 0, 0, 0, 0
"Colombia", 0, 0, 0, 0, 0, 0, 0, 0, 0, 0, 0, 0, 0, 0, 0, 0, 0, 0, 0, 0, 0, 0, 0, 0, 0, 0, 0, 0, 0, 0, 51.5, 0, 0, 0, 56.9, 0, 0, 58.7, 58.7, 57.5, 56.0, 53.6, 55.0, 53.9, 0, 0, 55.3, 54.3, 54.6, 53.5, 52.6, 52.6, 52.6, 51.0, 50.6, 49.7, 50.4, 51.3, 53.5, 51.5, 0, 0
"Comoros", 0, 0, 0, 0, 0, 0, 0, 0, 0, 0, 0, 0, 0, 0, 0, 0, 0, 0, 0, 0, 0, 0, 0, 0, 0, 0, 0, 0, 0, 0, 0, 0, 0, 0, 0, 0, 0, 0, 0, 0, 0, 0, 55.9, 0, 0, 0, 0, 0, 0, 0, 0, 0, 45.3, 0, 0, 0, 0, 0, 0, 0, 0, 0
"Cabo Verde", 0, 0, 0, 0, 0, 0, 0, 0, 0, 0, 0, 0, 0, 0, 0, 0, 0, 0, 0, 0, 0, 0, 0, 0, 0, 0, 0, 0, 0, 0, 0, 0, 0, 0, 0, 0, 0, 0, 0, 52.5, 0, 0, 0, 0, 0, 47.2, 0, 0, 0, 0, 0, 0, 0, 42.4, 0, 0, 0, 0, 0, 0, 0, 0
"Costa Rica", 0, 0, 0, 0, 0, 0, 0, 0, 0, 0, 0, 0, 0, 0, 0, 0, 0, 0, 0, 47.5, 0, 0, 0, 0, 34.4, 0, 0, 45.6, 45.3, 46.6, 45.7, 46.0, 46.8, 45.7, 46.5, 45.6, 45.7, 47.7, 47.4, 51.5, 51.8, 49.3, 48.4, 47.5, 49.3, 49.3, 48.6, 50.6, 48.0, 48.8, 48.4, 49.2, 48.6, 48.4, 48.7, 48.3, 48.0, 48.2, 49.2, 48.7, 47.2, 0
"Cuba", 0, 0, 0, 0, 0, 0, 0, 0, 0, 0, 0, 0, 0, 0, 0, 0, 0, 0, 0, 0, 0, 0, 0, 0, 0, 0, 0, 0, 0, 0, 0, 0, 0, 0, 0, 0, 0, 0, 0, 0, 0, 0, 0, 0, 0, 0, 0, 0, 0, 0, 0, 0, 0, 0, 0, 0, 0, 0, 0, 0, 0, 0
"Cyprus", 0, 0, 0, 0, 0, 0, 0, 0, 0, 0, 0, 0, 0, 0, 0, 0, 0, 0, 0, 0, 0, 0, 0, 0, 0, 0, 0, 0, 0, 0, 0, 0, 0, 0, 0, 0, 0, 0, 0, 0, 0, 0, 30.1, 30.3, 31.1, 31.1, 31.7, 32.1, 31.5, 32.6, 34.3, 37.0, 35.6, 34.0, 32.9, 31.4, 32.7, 31.2, 31.7, 0, 0, 0
"Germany", 0, 0, 0, 0, 0, 0, 0, 0, 0, 0, 0, 0, 0, 0, 0, 0, 0, 0, 0, 0, 0, 0, 0, 0, 0, 0, 0, 0, 0, 29.5, 29.0, 28.5, 29.2, 28.7, 28.0, 28.3, 28.1, 29.0, 28.8, 29.9, 29.9, 29.9, 30.2, 31.6, 31.0, 31.1, 30.9, 30.5, 30.3, 30.7, 31.1, 31.5, 30.9, 31.4, 31.4, 31.9, 31.8, 31.7, 0, 0, 0, 0
"Djibouti", 0, 0, 0, 0, 0, 0, 0, 0, 0, 0, 0, 0, 0, 0, 0, 0, 0, 0, 0, 0, 0, 0, 0, 0, 0, 0, 0, 0, 0, 0, 0, 0, 0, 0, 0, 0, 0, 0, 0, 0, 40.0, 0, 0, 0, 0, 0, 0, 0, 0, 0, 45.1, 44.1, 0, 0, 0, 41.6, 0, 0, 0, 0, 0, 0
"Dominica", 0, 0, 0, 0, 0, 0, 0, 0, 0, 0, 0, 0, 0, 0, 0, 0, 0, 0, 0, 0, 0, 0, 0, 0, 0, 0, 0, 0, 0, 0, 0, 0, 0, 0, 0, 0, 0, 0, 0, 0, 0, 0, 0, 0, 0, 0, 0, 0, 0, 0, 0, 0, 0, 0, 0, 0, 0, 0, 0, 0, 0, 0
"Denmark", 0, 0, 0, 0, 0, 0, 0, 0, 0, 0, 0, 0, 0, 0, 0, 0, 0, 0, 0, 0, 0, 0, 0, 0, 0, 26.2, 0, 0, 0, 0, 24.7, 0, 0, 23.0, 0, 0, 0, 0, 23.8, 0, 0, 25.6, 24.9, 25.2, 25.9, 26.2, 25.2, 26.7, 27.2, 27.3, 27.8, 28.5, 28.4, 28.2, 28.2, 28.7, 28.2, 27.7, 27.5, 0, 0, 0
"Dominican Republic", 0, 0, 0, 0, 0, 0, 0, 0, 0, 0, 0, 0, 0, 0, 0, 0, 0, 0, 0, 0, 0, 0, 0, 0, 47.8, 0, 0, 50.5, 0, 0, 51.4, 0, 0, 0, 47.4, 48.9, 0, 0, 51.5, 50.0, 49.7, 52.1, 52.1, 50.0, 52.0, 48.9, 48.1, 48.9, 47.3, 47.7, 46.1, 47.7, 44.3, 45.2, 45.7, 42.2, 43.7, 41.9, 39.6, 38.5, 0, 0
"Algeria", 0, 0, 0, 0, 0, 0, 0, 0, 0, 0, 0, 0, 0, 0, 0, 0, 0, 0, 0, 0, 0, 0, 0, 0, 0, 0, 40.2, 0, 0, 0, 0, 0, 0, 35.3, 0, 0, 0, 0, 0, 0, 0, 0, 0, 0, 0, 0, 0, 0, 0, 27.6, 0, 0, 0, 0, 0, 0, 0, 0, 0, 0, 0, 0
"Ecuador", 0, 0, 0, 0, 0, 0, 0, 0, 0, 0, 0, 0, 0, 0, 0, 0, 0, 0, 0, 0, 0, 0, 0, 0, 0, 0, 0, 0, 0, 0, 0, 0, 53.4, 0, 0, 0, 0, 58.6, 56.4, 0, 0, 53.5, 53.9, 53.1, 52.3, 53.4, 49.8, 48.5, 48.8, 45.9, 46.1, 46.9, 45.0, 46.0, 45.0, 44.7, 45.4, 45.7, 47.3, 45.8, 45.5, 0
"Egypt, Arab Rep.", 0, 0, 0, 0, 0, 0, 0, 0, 0, 0, 0, 0, 0, 0, 0, 0, 0, 0, 0, 0, 0, 0, 0, 0, 0, 0, 0, 0, 32.0, 0, 0, 0, 0, 30.1, 0, 0, 0, 32.8, 0, 0, 0, 0, 31.8, 0, 0, 0, 31.1, 0, 30.2, 0, 28.3, 0, 0, 31.8, 0, 31.5, 0, 31.9, 0, 0, 0, 0
"Eritrea", 0, 0, 0, 0, 0, 0, 0, 0, 0, 0, 0, 0, 0, 0, 0, 0, 0, 0, 0, 0, 0, 0, 0, 0, 0, 0, 0, 0, 0, 0, 0, 0, 0, 0, 0, 0, 0, 0, 0, 0, 0, 0, 0, 0, 0, 0, 0, 0, 0, 0, 0, 0, 0, 0, 0, 0, 0, 0, 0, 0, 0, 0
"Spain", 0, 0, 0, 0, 0, 0, 0, 0, 0, 0, 0, 0, 0, 0, 0, 0, 0, 0, 34.5, 0, 0, 0, 0, 34.4, 0, 0, 0, 0, 32.0, 0, 0, 35.7, 35.1, 35.7, 36.5, 35.3, 34.6, 33.8, 34.1, 0, 0, 31.8, 33.3, 32.4, 33.5, 34.1, 34.2, 34.9, 35.2, 35.7, 35.4, 36.2, 36.1, 36.2, 35.8, 34.7, 34.7, 34.3, 34.9, 0, 0, 0
"Estonia", 0, 0, 0, 0, 0, 0, 0, 0, 0, 0, 0, 0, 0, 0, 0, 0, 0, 0, 0, 0, 0, 0, 0, 0, 0, 0, 0, 0, 0, 0, 0, 0, 0, 0, 0, 0, 0, 0, 0, 0, 0, 37.2, 33.6, 33.4, 33.7, 31.2, 31.9, 31.4, 32.0, 32.5, 32.9, 35.1, 34.6, 32.7, 31.2, 30.4, 30.3, 30.8, 30.7, 0, 0, 0
"Ethiopia", 0, 0, 0, 0, 0, 0, 0, 0, 0, 0, 0, 0, 0, 0, 0, 0, 0, 0, 0, 0, 0, 0, 0, 0, 0, 0, 0, 0, 0, 0, 0, 0, 0, 44.6, 0, 0, 0, 30.0, 0, 0, 0, 0, 29.8, 0, 0, 0, 0, 0, 33.2, 0, 0, 0, 0, 35.0, 0, 0, 0, 0, 0, 0, 0, 0
"Finland", 0, 0, 0, 0, 0, 0, 0, 0, 0, 0, 0, 0, 0, 0, 0, 0, 0, 0, 0, 0, 0, 0, 0, 0, 0, 22.2, 0, 0, 0, 22.9, 0, 0, 0, 23.5, 0, 0, 0, 0, 27.2, 0, 0, 27.7, 27.9, 27.6, 28.0, 28.3, 27.8, 27.5, 27.7, 27.6, 27.1, 27.2, 26.8, 27.1, 27.1, 27.4, 27.3, 27.7, 27.1, 0, 0, 0
"France", 0, 0, 0, 0, 0, 0, 0, 0, 37.1, 0, 0, 0, 0, 35.9, 0, 0, 0, 34.0, 0, 0, 0, 0, 33.4, 0, 0, 0, 0, 0, 32.1, 0, 0, 0, 0, 0, 32.0, 31.9, 31.7, 32.5, 32.6, 32.5, 31.8, 31.4, 30.6, 29.8, 29.7, 32.4, 33.0, 32.7, 33.7, 33.3, 33.1, 32.5, 32.3, 32.7, 31.9, 31.6, 32.4, 31.2, 30.7, 0, 0, 0
"Micronesia, Fed. Sts.", 0, 0, 0, 0, 0, 0, 0, 0, 0, 0, 0, 0, 0, 0, 0, 0, 0, 0, 0, 0, 0, 0, 0, 0, 0, 0, 0, 0, 0, 0, 0, 0, 0, 0, 0, 0, 0, 0, 0, 0, 0, 0, 0, 42.4, 0, 0, 0, 0, 0, 0, 0, 40.1, 0, 0, 0, 0, 0, 0, 0, 0, 0, 0
"Gabon", 0, 0, 0, 0, 0, 0, 0, 0, 0, 0, 0, 0, 0, 0, 0, 0, 0, 0, 0, 0, 0, 0, 0, 0, 0, 0, 0, 0, 0, 0, 0, 0, 0, 0, 0, 0, 0, 0, 0, 0, 0, 0, 0, 42.2, 0, 0, 0, 0, 0, 0, 0, 0, 0, 0, 0, 38.0, 0, 0, 0, 0, 0, 0
"United Kingdom", 0, 0, 0, 0, 0, 0, 26.8, 27.9, 28.0, 29.3, 28.8, 28.8, 29.0, 27.9, 27.6, 27.1, 27.2, 27.4, 28.5, 29.7, 29.9, 29.8, 29.2, 30.4, 31.9, 33.9, 34.3, 33.4, 35.7, 35.0, 35.0, 35.1, 36.0, 35.5, 35.3, 35.7, 36.6, 36.8, 38.8, 37.1, 35.1, 34.9, 34.8, 35.5, 35.9, 34.4, 35.4, 35.1, 33.7, 33.2, 33.1, 32.7, 33.1, 33.3, 33.1, 32.6, 33.7, 32.8, 32.6, 0, 0, 0
"Georgia", 0, 0, 0, 0, 0, 0, 0, 0, 0, 0, 0, 0, 0, 0, 0, 0, 0, 0, 0, 0, 0, 0, 0, 0, 0, 0, 0, 0, 0, 0, 0, 0, 0, 0, 37.1, 40.7, 41.3, 40.1, 40.5, 39.6, 37.2, 36.7, 36.2, 37.4, 36.9, 38.1, 38.5, 38.2, 39.5, 39.6, 39.0, 38.6, 37.6, 36.5, 36.6, 37.9, 36.4, 35.9, 34.5, 34.2, 0, 0
"Ghana", 0, 0, 0, 0, 0, 0, 0, 0, 0, 0, 0, 0, 0, 0, 0, 0, 0, 0, 0, 0, 0, 0, 0, 0, 0, 35.3, 36.0, 0, 0, 38.4, 0, 0, 0, 0, 0, 0, 40.1, 0, 0, 0, 0, 0, 0, 42.8, 0, 0, 0, 0, 0, 0, 42.4, 0, 0, 0, 43.5, 0, 0, 0, 0, 0, 0, 0
"Gibraltar", 0, 0, 0, 0, 0, 0, 0, 0, 0, 0, 0, 0, 0, 0, 0, 0, 0, 0, 0, 0, 0, 0, 0, 0, 0, 0, 0, 0, 0, 0, 0, 0, 0, 0, 0, 0, 0, 0, 0, 0, 0, 0, 0, 0, 0, 0, 0, 0, 0, 0, 0, 0, 0, 0, 0, 0, 0, 0, 0, 0, 0, 0
"Guinea", 0, 0, 0, 0, 0, 0, 0, 0, 0, 0, 0, 0, 0, 0, 0, 0, 0, 0, 0, 0, 0, 0, 0, 0, 0, 0, 0, 0, 0, 46.8, 0, 0, 46.1, 0, 0, 0, 0, 0, 0, 0, 43.0, 0, 0, 0, 0, 39.4, 0, 0, 0, 0, 33.7, 0, 0, 0, 0, 0, 29.6, 0, 0, 0, 0, 0
"Gambia, The", 0, 0, 0, 0, 0, 0, 0, 0, 0, 0, 0, 0, 0, 0, 0, 0, 0, 0, 0, 0, 0, 0, 0, 0, 0, 0, 0, 0, 0, 0, 0, 0, 0, 0, 0, 0, 48.5, 0, 0, 0, 0, 47.3, 0, 0, 0, 0, 0, 0, 43.6, 0, 0, 0, 0, 35.9, 0, 0, 0, 0, 38.8, 0, 0, 0
"Guinea-Bissau", 0, 0, 0, 0, 0, 0, 0, 0, 0, 0, 0, 0, 0, 0, 0, 0, 0, 0, 0, 0, 0, 0, 0, 0, 0, 0, 0, 0, 0, 0, 0, 43.6, 0, 0, 0, 0, 0, 0, 0, 0, 35.6, 0, 0, 0, 0, 0, 0, 0, 50.7, 0, 0, 0, 0, 0, 0, 0, 34.8, 0, 0, 0, 0, 0
"Equatorial Guinea", 0, 0, 0, 0, 0, 0, 0, 0, 0, 0, 0, 0, 0, 0, 0, 0, 0, 0, 0, 0, 0, 0, 0, 0, 0, 0, 0, 0, 0, 0, 0, 0, 0, 0, 0, 0, 0, 0, 0, 0, 0, 0, 0, 0, 0, 0, 0, 0, 0, 0, 0, 0, 0, 0, 0, 0, 0, 0, 0, 0, 0, 0
"Greece", 0, 0, 0, 0, 0, 0, 0, 0, 0, 0, 0, 0, 0, 0, 0, 0, 0, 0, 0, 0, 0, 0, 0, 0, 0, 0, 0, 0, 0, 0, 0, 0, 0, 37.0, 0, 0, 0, 0, 34.2, 0, 0, 32.8, 33.6, 34.6, 35.1, 34.0, 33.6, 33.6, 34.1, 34.8, 36.3, 36.1, 35.8, 36.0, 35.0, 34.4, 32.9, 33.1, 33.6, 0, 0, 0
"Grenada", 0, 0, 0, 0, 0, 0, 0, 0, 0, 0, 0, 0, 0, 0, 0, 0, 0, 0, 0, 0, 0, 0, 0, 0, 0, 0, 0, 0, 0, 0, 0, 0, 0, 0, 0, 0, 0, 0, 0, 0, 0, 0, 0, 0, 0, 0, 0, 0, 0, 0, 0, 0, 0, 0, 0, 0, 0, 0, 0, 0, 0, 0
"Guatemala", 0, 0, 0, 0, 0, 0, 0, 0, 0, 0, 0, 0, 0, 0, 0, 0, 0, 0, 0, 0, 0, 0, 0, 0, 58.3, 0, 0, 59.6, 0, 0, 0, 0, 0, 0, 0, 0, 0, 0, 54.2, 0, 0, 0, 0, 0, 54.6, 0, 0, 0, 0, 0, 0, 0, 48.3, 0, 0, 0, 0, 0, 0, 0, 0, 0
"Guyana", 0, 0, 0, 0, 0, 0, 0, 0, 0, 0, 0, 0, 0, 0, 0, 0, 0, 0, 0, 0, 0, 0, 0, 0, 0, 0, 0, 0, 0, 0, 0, 0, 0, 0, 0, 0, 45.1, 0, 0, 0, 0, 0, 0, 0, 0, 0, 0, 0, 0, 0, 0, 0, 0, 0, 0, 0, 0, 0, 0, 0, 0, 0
"Honduras", 0, 0, 0, 0, 0, 0, 0, 0, 0, 0, 0, 0, 0, 0, 0, 0, 0, 0, 0, 0, 0, 0, 0, 0, 0, 0, 0, 59.5, 57.4, 51.9, 51.8, 53.5, 55.0, 55.5, 55.7, 52.7, 57.4, 55.4, 0, 55.4, 55.7, 58.1, 58.1, 59.5, 57.5, 55.8, 55.5, 51.3, 53.1, 52.6, 53.4, 50.0, 49.9, 49.2, 49.8, 49.4, 48.9, 48.2, 0, 0, 0, 0
"Croatia", 0, 0, 0, 0, 0, 0, 0, 0, 0, 0, 0, 0, 0, 0, 0, 0, 0, 0, 0, 0, 0, 0, 0, 0, 0, 0, 0, 0, 0, 0, 0, 0, 0, 0, 0, 0, 0, 0, 0, 0, 0, 0, 0, 0, 0, 0, 0, 32.6, 32.4, 32.3, 32.5, 32.0, 32.1, 31.1, 30.9, 30.4, 29.7, 28.9, 29.5, 0, 0, 0
"Haiti", 0, 0, 0, 0, 0, 0, 0, 0, 0, 0, 0, 0, 0, 0, 0, 0, 0, 0, 0, 0, 0, 0, 0, 0, 0, 0, 0, 0, 0, 0, 0, 0, 0, 0, 0, 0, 0, 0, 0, 0, 0, 0, 0, 0, 0, 0, 0, 0, 0, 0, 41.1, 0, 0, 0, 0, 0, 0, 0, 0, 0, 0, 0
"Hungary", 0, 0, 0, 0, 0, 0, 0, 0, 0, 0, 0, 0, 0, 0, 0, 0, 0, 0, 0, 0, 0, 0, 0, 0, 0, 0, 0, 0, 0, 0, 0, 0, 0, 0, 0, 0, 0, 0, 0, 0, 0, 0, 29.9, 34.7, 28.3, 27.9, 27.5, 27.0, 29.4, 29.2, 30.8, 31.5, 30.9, 30.4, 30.3, 30.6, 29.6, 30.0, 29.7, 0, 0, 0
"Indonesia", 0, 0, 0, 0, 0, 0, 0, 0, 0, 0, 0, 0, 0, 0, 0, 0, 0, 0, 0, 0, 0, 0, 33.5, 0, 0, 31.4, 0, 0, 32.3, 0, 0, 33.2, 0, 0, 35.6, 0, 32.2, 32.1, 29.5, 30.0, 32.8, 33.0, 33.9, 34.1, 35.3, 36.7, 36.1, 36.0, 37.2, 40.5, 40.5, 40.8, 40.2, 40.4, 39.3, 38.8, 38.4, 37.6, 37.6, 37.9, 37.9, 0
"Isle of Man", 0, 0, 0, 0, 0, 0, 0, 0, 0, 0, 0, 0, 0, 0, 0, 0, 0, 0, 0, 0, 0, 0, 0, 0, 0, 0, 0, 0, 0, 0, 0, 0, 0, 0, 0, 0, 0, 0, 0, 0, 0, 0, 0, 0, 0, 0, 0, 0, 0, 0, 0, 0, 0, 0, 0, 0, 0, 0, 0, 0, 0, 0
"India", 0, 0, 0, 0, 0, 0, 0, 0, 0, 0, 0, 0, 0, 0, 0, 33.3, 0, 0, 0, 0, 0, 32.1, 0, 0, 0, 32.6, 0, 0, 0, 0, 0, 31.7, 0, 0, 0, 0, 0, 0, 0, 0, 0, 0, 34.4, 0, 0, 0, 0, 35.4, 0, 35.7, 0, 0, 0, 34.7, 34.8, 35.9, 34.6, 35.0, 34.8, 34.2, 0, 0
"Ireland", 0, 0, 0, 0, 0, 0, 0, 0, 0, 0, 0, 0, 0, 0, 0, 0, 0, 0, 0, 0, 0, 0, 0, 0, 0, 35.5, 0, 0, 0, 0, 0, 0, 36.9, 37.0, 35.6, 0, 0, 0, 33.0, 0, 32.3, 32.9, 33.6, 33.8, 32.7, 31.9, 30.9, 32.7, 32.3, 32.9, 33.2, 33.5, 31.9, 31.8, 32.8, 31.4, 30.6, 30.8, 29.2, 0, 0, 0
"Iran, Islamic Rep.", 0, 0, 0, 0, 0, 0, 0, 0, 0, 0, 0, 0, 0, 0, 0, 0, 0, 0, 0, 0, 0, 0, 0, 0, 47.4, 0, 0, 0, 43.6, 0, 0, 0, 43.0, 0, 0, 0, 44.1, 0, 0, 0, 0, 0, 0, 43.6, 44.8, 0, 0, 42.1, 0, 0, 0, 37.4, 38.8, 39.5, 40.0, 40.8, 42.0, 40.9, 0, 0, 0, 0
"Iraq", 0, 0, 0, 0, 0, 0, 0, 0, 0, 0, 0, 0, 0, 0, 0, 0, 0, 0, 0, 0, 0, 0, 0, 0, 0, 0, 0, 0, 0, 0, 0, 0, 0, 0, 0, 0, 0, 0, 0, 0, 0, 0, 0, 0, 28.6, 0, 0, 0, 0, 0, 29.5, 0, 0, 0, 0, 0, 0, 0, 0, 0, 0, 0
"Iceland", 0, 0, 0, 0, 0, 0, 0, 0, 0, 0, 0, 0, 0, 0, 0, 0, 0, 0, 0, 0, 0, 0, 0, 0, 0, 0, 0, 0, 0, 0, 0, 0, 0, 0, 0, 0, 0, 0, 0, 0, 0, 26.8, 28.0, 29.0, 30.2, 29.5, 31.8, 28.7, 26.2, 26.8, 26.8, 25.4, 27.8, 26.8, 27.2, 26.1, 0, 0, 0, 0, 0, 0
"Israel", 0, 0, 0, 0, 0, 0, 0, 0, 0, 0, 0, 0, 0, 0, 0, 0, 0, 36.3, 0, 0, 0, 0, 0, 0, 36.5, 0, 0, 0, 0, 0, 35.5, 0, 0, 0, 0, 38.1, 0, 0, 0, 38.9, 39.6, 40.7, 41.5, 42.3, 41.6, 41.1, 41.6, 42.6, 42.5, 41.4, 41.6, 40.2, 39.8, 39.7, 39.0, 38.2, 38.6, 0, 0, 0, 0, 0
"Italy", 0, 0, 0, 0, 0, 0, 0, 0, 0, 0, 0, 0, 0, 0, 0, 0, 0, 0, 0, 0, 0, 0, 0, 0, 32.5, 34.5, 0, 32.6, 0, 31.5, 0, 35.5, 0, 35.2, 0, 0, 36.7, 0, 35.3, 0, 0, 34.9, 34.3, 33.8, 33.7, 32.9, 33.8, 33.8, 34.7, 35.1, 35.2, 34.9, 34.7, 35.4, 35.2, 35.9, 35.2, 34.6, 35.2, 0, 0, 0
"Jamaica", 0, 0, 0, 0, 0, 0, 0, 0, 0, 0, 0, 0, 0, 0, 0, 0, 0, 0, 0, 0, 0, 0, 0, 0, 0, 0, 43.2, 0, 41.1, 0, 0, 35.7, 0, 0, 40.4, 0, 0, 44.1, 0, 0, 48.3, 0, 45.5, 0, 0, 0, 0, 0, 0, 0, 0, 0, 0, 0, 0, 0, 0, 0, 0, 0, 0, 0
"Jordan", 0, 0, 0, 0, 0, 0, 0, 0, 0, 0, 0, 0, 0, 0, 0, 0, 0, 0, 0, 0, 0, 0, 0, 0, 36.1, 0, 0, 0, 0, 0, 43.4, 0, 0, 0, 0, 36.4, 0, 0, 0, 0, 37.0, 0, 0, 0, 33.9, 0, 32.6, 0, 33.7, 0, 0, 0, 0, 0, 0, 0, 0, 0, 0, 0, 0, 0
"Japan", 0, 0, 0, 0, 0, 0, 0, 0, 0, 0, 0, 0, 0, 0, 0, 0, 0, 0, 0, 0, 0, 0, 0, 0, 0, 0, 0, 0, 0, 0, 0, 0, 0, 0, 0, 0, 0, 0, 0, 0, 0, 0, 0, 0, 0, 0, 34.8, 0, 32.1, 0, 0, 32.9, 0, 0, 0, 0, 0, 0, 0, 0, 0, 0
"Kazakhstan", 0, 0, 0, 0, 0, 0, 0, 0, 0, 0, 0, 0, 0, 0, 0, 0, 0, 0, 0, 0, 0, 0, 0, 0, 0, 0, 0, 0, 0, 0, 0, 0, 0, 0, 35.4, 0, 0, 0, 0, 36.0, 34.8, 33.7, 31.8, 39.8, 30.2, 30.1, 28.5, 28.2, 28.0, 28.0, 28.2, 27.1, 27.0, 26.8, 27.2, 27.5, 27.8, 0, 0, 0, 0, 0
"Kenya", 0, 0, 0, 0, 0, 0, 0, 0, 0, 0, 0, 0, 0, 0, 0, 0, 0, 0, 0, 0, 0, 0, 0, 0, 0, 0, 0, 0, 0, 0, 57.5, 0, 43.1, 0, 0, 45.0, 0, 0, 0, 0, 0, 0, 0, 46.5, 0, 0, 0, 0, 0, 0, 0, 0, 0, 40.8, 0, 0, 0, 0, 36.2, 38.7, 0, 0
"Kyrgyz Republic", 0, 0, 0, 0, 0, 0, 0, 0, 0, 0, 0, 0, 0, 0, 0, 0, 0, 0, 0, 0, 0, 0, 0, 0, 0, 0, 0, 0, 0, 0, 0, 0, 0, 0, 0, 0, 0, 0, 31.0, 30.2, 30.3, 28.7, 34.8, 32.6, 37.4, 33.9, 31.5, 29.9, 30.1, 27.8, 27.4, 28.8, 26.8, 29.0, 26.8, 27.3, 27.7, 29.7, 29.0, 0, 0, 0
"Cambodia", 0, 0, 0, 0, 0, 0, 0, 0, 0, 0, 0, 0, 0, 0, 0, 0, 0, 0, 0, 0, 0, 0, 0, 0, 0, 0, 0, 0, 0, 0, 0, 0, 0, 0, 0, 0, 0, 0, 0, 0, 0, 0, 0, 0, 0, 0, 0, 0, 0, 0, 0, 0, 0, 0, 0, 0, 0, 0, 0, 0, 0, 0
"Korea, Rep.", 0, 0, 0, 0, 0, 0, 0, 0, 0, 0, 0, 0, 0, 0, 0, 0, 0, 0, 0, 0, 0, 0, 0, 0, 0, 0, 0, 0, 0, 0, 0, 0, 0, 0, 0, 0, 0, 0, 0, 0, 0, 0, 0, 0, 31.7, 0, 32.3, 0, 32.0, 0, 31.6, 0, 31.2, 0, 31.4, 0, 0, 0, 0, 0, 0, 0
"Kuwait", 0, 0, 0, 0, 0, 0, 0, 0, 0, 0, 0, 0, 0, 0, 0, 0, 0, 0, 0, 0, 0, 0, 0, 0, 0, 0, 0, 0, 0, 0, 0, 0, 0, 0, 0, 0, 0, 0, 0, 0, 0, 0, 0, 0, 0, 0, 0, 0, 0, 0, 0, 0, 0, 0, 0, 0, 0, 0, 0, 0, 0, 0
"Lao PDR", 0, 0, 0, 0, 0, 0, 0, 0, 0, 0, 0, 0, 0, 0, 0, 0, 0, 0, 0, 0, 0, 0, 0, 0, 0, 0, 0, 0, 0, 0, 34.3, 0, 0, 0, 0, 34.9, 0, 0, 0, 0, 32.6, 0, 0, 0, 0, 35.4, 0, 0, 0, 0, 36.0, 0, 0, 0, 0, 0, 38.8, 0, 0, 0, 0, 0
"Lebanon", 0, 0, 0, 0, 0, 0, 0, 0, 0, 0, 0, 0, 0, 0, 0, 0, 0, 0, 0, 0, 0, 0, 0, 0, 0, 0, 0, 0, 0, 0, 0, 0, 0, 0, 0, 0, 0, 0, 0, 0, 0, 0, 0, 0, 0, 0, 0, 0, 0, 31.8, 0, 0, 0, 0, 0, 0, 0, 0, 0, 0, 0, 0
"Liberia", 0, 0, 0, 0, 0, 0, 0, 0, 0, 0, 0, 0, 0, 0, 0, 0, 0, 0, 0, 0, 0, 0, 0, 0, 0, 0, 0, 0, 0, 0, 0, 0, 0, 0, 0, 0, 0, 0, 0, 0, 0, 0, 0, 0, 0, 36.5, 0, 0, 0, 0, 0, 0, 33.2, 0, 35.3, 0, 0, 0, 0, 0, 0, 0
"Libya", 0, 0, 0, 0, 0, 0, 0, 0, 0, 0, 0, 0, 0, 0, 0, 0, 0, 0, 0, 0, 0, 0, 0, 0, 0, 0, 0, 0, 0, 0, 0, 0, 0, 0, 0, 0, 0, 0, 0, 0, 0, 0, 0, 0, 0, 0, 0, 0, 0, 0, 0, 0, 0, 0, 0, 0, 0, 0, 0, 0, 0, 0
"Liechtenstein", 0, 0, 0, 0, 0, 0, 0, 0, 0, 0, 0, 0, 0, 0, 0, 0, 0, 0, 0, 0, 0, 0, 0, 0, 0, 0, 0, 0, 0, 0, 0, 0, 0, 0, 0, 0, 0, 0, 0, 0, 0, 0, 0, 0, 0, 0, 0, 0, 0, 0, 0, 0, 0, 0, 0, 0, 0, 0, 0, 0, 0, 0
"Sri Lanka", 0, 0, 0, 0, 0, 0, 0, 0, 0, 0, 0, 0, 0, 0, 0, 0, 0, 0, 0, 0, 0, 0, 0, 32.5, 0, 0, 0, 0, 32.4, 0, 0, 0, 0, 35.4, 0, 0, 0, 0, 0, 0, 40.2, 0, 0, 0, 39.7, 0, 0, 36.1, 0, 0, 38.7, 0, 0, 0, 39.3, 0, 0, 37.7, 0, 0, 0, 0
"Lesotho", 0, 0, 0, 0, 0, 0, 0, 0, 0, 0, 0, 0, 0, 0, 0, 0, 0, 0, 0, 0, 0, 0, 0, 0, 56.0, 0, 0, 0, 0, 0, 0, 0, 63.2, 0, 0, 0, 0, 0, 0, 0, 51.6, 0, 0, 0, 0, 0, 0, 0, 0, 0, 0, 0, 0, 0, 0, 44.9, 0, 0, 0, 0, 0, 0
"Lithuania", 0, 0, 0, 0, 0, 0, 0, 0, 0, 0, 0, 0, 0, 0, 0, 0, 0, 0, 0, 0, 0, 0, 0, 0, 0, 0, 0, 0, 0, 0, 0, 0, 0, 0, 0, 0, 0, 0, 0, 0, 0, 0, 37.0, 35.3, 34.4, 34.8, 35.7, 37.2, 33.6, 32.5, 35.1, 35.3, 37.7, 37.4, 38.4, 37.3, 35.7, 35.3, 36.0, 0, 0, 0
"Luxembourg", 0, 0, 0, 0, 0, 0, 0, 0, 0, 0, 0, 0, 0, 0, 0, 0, 0, 0, 0, 0, 0, 0, 0, 26.3, 28.1, 29.5, 28.8, 30.8, 27.7, 27.2, 27.3, 27.0, 28.1, 28.3, 29.0, 29.6, 30.6, 30.0, 30.1, 30.9, 31.0, 30.2, 30.2, 30.8, 30.9, 31.1, 32.6, 31.2, 30.5, 32.1, 34.3, 32.0, 31.2, 32.9, 31.7, 34.5, 35.4, 34.2, 33.4, 0, 0, 0
"Latvia", 0, 0, 0, 0, 0, 0, 0, 0, 0, 0, 0, 0, 0, 0, 0, 0, 0, 0, 0, 0, 0, 0, 0, 0, 0, 0, 0, 0, 0, 0, 0, 0, 0, 0, 0, 0, 0, 0, 0, 0, 0, 0, 36.4, 39.0, 35.6, 37.5, 37.2, 36.0, 35.0, 35.8, 35.2, 35.5, 35.1, 34.2, 34.3, 35.6, 35.1, 34.5, 35.7, 0, 0, 0
"Morocco", 0, 0, 0, 0, 0, 0, 0, 0, 0, 0, 0, 0, 0, 0, 0, 0, 0, 0, 0, 0, 0, 0, 39.2, 0, 0, 0, 0, 0, 39.2, 0, 0, 0, 0, 0, 0, 0, 39.4, 0, 40.6, 0, 0, 0, 0, 0, 40.7, 0, 0, 0, 0, 0, 0, 39.5, 0, 0, 0, 0, 0, 0, 0, 0, 0, 0
"Monaco", 0, 0, 0, 0, 0, 0, 0, 0, 0, 0, 0, 0, 0, 0, 0, 0, 0, 0, 0, 0, 0, 0, 0, 0, 0, 0, 0, 0, 0, 0, 0, 0, 0, 0, 0, 0, 0, 0, 0, 0, 0, 0, 0, 0, 0, 0, 0, 0, 0, 0, 0, 0, 0, 0, 0, 0, 0, 0, 0, 0, 0, 0
"Moldova", 0, 0, 0, 0, 0, 0, 0, 0, 0, 0, 0, 0, 0, 0, 0, 0, 0, 0, 0, 0, 0, 0, 0, 0, 0, 0, 0, 0, 0, 0, 0, 0, 0, 0, 0, 36.9, 39.5, 42.6, 36.4, 38.0, 35.8, 34.9, 35.0, 36.3, 35.4, 34.4, 34.7, 32.9, 32.1, 30.6, 29.2, 28.5, 26.8, 27.0, 26.3, 25.9, 25.7, 26.0, 0, 25.7, 0, 0
"Madagascar", 0, 0, 0, 0, 0, 0, 0, 0, 0, 0, 0, 0, 0, 0, 0, 0, 0, 0, 46.8, 0, 0, 0, 0, 0, 0, 0, 0, 0, 0, 0, 0, 45.3, 0, 0, 0, 39.5, 0, 38.6, 0, 47.4, 0, 0, 0, 39.9, 0, 0, 0, 0, 42.4, 0, 42.6, 0, 0, 0, 0, 0, 0, 0, 0, 0, 0, 0
"Maldives", 0, 0, 0, 0, 0, 0, 0, 0, 0, 0, 0, 0, 0, 0, 0, 0, 0, 0, 0, 0, 0, 0, 0, 0, 0, 0, 0, 0, 0, 0, 0, 0, 0, 0, 0, 0, 0, 0, 0, 0, 41.3, 0, 0, 0, 0, 0, 0, 38.4, 0, 0, 0, 0, 0, 0, 31.3, 0, 0, 29.3, 0, 0, 0, 0
"Mexico", 0, 0, 0, 0, 0, 0, 0, 0, 0, 0, 0, 0, 0, 0, 0, 0, 0, 0, 0, 0, 0, 0, 0, 0, 0, 0, 0, 50.6, 0, 0, 52.6, 0, 52.8, 0, 53.6, 0, 51.7, 0, 52.6, 0, 50.1, 0, 50.0, 50.1, 48.9, 0, 49.9, 0, 47.2, 0, 48.7, 0, 48.7, 0, 47.7, 0, 46.7, 0, 45.4, 0, 0, 0
"North Macedonia", 0, 0, 0, 0, 0, 0, 0, 0, 0, 0, 0, 0, 0, 0, 0, 0, 0, 0, 0, 0, 0, 0, 0, 0, 0, 0, 0, 0, 0, 0, 0, 0, 0, 0, 0, 0, 0, 0, 0, 0, 0, 0, 0, 0, 0, 0, 0, 42.8, 40.2, 39.4, 38.1, 36.2, 35.2, 35.6, 34.5, 34.2, 33.0, 33.5, 0, 0, 0, 0
"Mali", 0, 0, 0, 0, 0, 0, 0, 0, 0, 0, 0, 0, 0, 0, 0, 0, 0, 0, 0, 0, 0, 0, 0, 0, 0, 0, 0, 0, 0, 0, 0, 0, 50.4, 0, 0, 0, 0, 0, 0, 39.9, 0, 0, 0, 0, 38.9, 0, 0, 33.0, 0, 0, 0, 0, 0, 0, 0, 0, 36.0, 0, 0, 0, 0, 0
"Malta", 0, 0, 0, 0, 0, 0, 0, 0, 0, 0, 0, 0, 0, 0, 0, 0, 0, 0, 0, 0, 0, 0, 0, 0, 0, 0, 0, 0, 0, 0, 0, 0, 0, 0, 0, 0, 0, 0, 0, 0, 0, 0, 0, 0, 28.0, 29.2, 29.0, 30.2, 29.0, 29.1, 29.4, 28.8, 29.0, 29.4, 29.1, 29.2, 28.7, 31.0, 31.4, 0, 0, 0
"Myanmar", 0, 0, 0, 0, 0, 0, 0, 0, 0, 0, 0, 0, 0, 0, 0, 0, 0, 0, 0, 0, 0, 0, 0, 0, 0, 0, 0, 0, 0, 0, 0, 0, 0, 0, 0, 0, 0, 0, 0, 0, 0, 0, 0, 0, 0, 0, 0, 0, 0, 0, 0, 0, 0, 38.1, 0, 30.7, 0, 0, 0, 0, 0, 0
"Montenegro", 0, 0, 0, 0, 0, 0, 0, 0, 0, 0, 0, 0, 0, 0, 0, 0, 0, 0, 0, 0, 0, 0, 0, 0, 0, 0, 0, 0, 0, 0, 0, 0, 0, 0, 0, 0, 0, 0, 0, 0, 0, 0, 0, 0, 0, 0, 0, 0, 0, 0, 41.2, 39.0, 38.8, 39.0, 38.5, 36.9, 36.8, 0, 0, 0, 0, 0
"Mongolia", 0, 0, 0, 0, 0, 0, 0, 0, 0, 0, 0, 0, 0, 0, 0, 0, 0, 0, 0, 0, 0, 0, 0, 0, 0, 0, 0, 0, 0, 0, 0, 0, 0, 33.2, 0, 0, 30.3, 0, 0, 0, 32.9, 0, 0, 0, 0, 35.8, 0, 0, 33.1, 33.9, 33.8, 0, 32.0, 0, 32.3, 0, 32.7, 0, 0, 0, 0, 0
"Mozambique", 0, 0, 0, 0, 0, 0, 0, 0, 0, 0, 0, 0, 0, 0, 0, 0, 0, 0, 0, 0, 0, 0, 0, 0, 0, 0, 0, 0, 0, 0, 0, 0, 0, 0, 53.6, 0, 0, 0, 0, 0, 47.0, 0, 0, 0, 0, 0, 45.6, 0, 0, 0, 0, 0, 54.0, 0, 0, 0, 0, 50.5, 0, 0, 0, 0
"Mauritania", 0, 0, 0, 0, 0, 0, 0, 0, 0, 0, 0, 0, 0, 0, 0, 0, 0, 0, 0, 0, 0, 0, 0, 0, 0, 43.9, 0, 0, 0, 0, 0, 50.1, 0, 37.7, 0, 0, 0, 0, 39.0, 0, 0, 0, 40.2, 0, 0, 0, 35.7, 0, 0, 0, 0, 0, 32.6, 0, 0, 0, 0, 0, 0, 0, 0, 0
"Mauritius", 0, 0, 0, 0, 0, 0, 0, 0, 0, 0, 0, 0, 0, 0, 0, 0, 0, 0, 0, 0, 0, 0, 0, 0, 0, 0, 0, 0, 0, 0, 0, 0, 0, 0, 0, 0, 0, 0, 0, 0, 0, 0, 0, 0, 35.7, 0, 0, 0, 0, 0, 38.5, 0, 0, 0, 0, 36.8, 0, 0, 0, 0, 0, 0
"Malawi", 0, 0, 0, 0, 0, 0, 0, 0, 0, 0, 0, 0, 0, 0, 0, 0, 0, 0, 0, 0, 0, 0, 0, 0, 0, 0, 0, 0, 0, 0, 0, 0, 0, 0, 0, 65.8, 0, 0, 0, 0, 0, 0, 39.9, 0, 0, 0, 0, 0, 45.5, 0, 0, 0, 0, 0, 44.7, 0, 0, 38.5, 0, 0, 0, 0
"Malaysia", 0, 0, 0, 0, 0, 0, 0, 0, 0, 0, 0, 0, 0, 0, 0, 0, 0, 0, 0, 0, 0, 0, 48.6, 0, 0, 47.0, 0, 46.2, 0, 0, 47.7, 0, 0, 48.5, 0, 49.1, 0, 0, 0, 0, 0, 46.4, 0, 0, 44.8, 0, 45.5, 0, 0, 43.9, 0, 41.3, 0, 41.1, 0, 0, 41.2, 0, 0, 0, 0, 0
"Namibia", 0, 0, 0, 0, 0, 0, 0, 0, 0, 0, 0, 0, 0, 0, 0, 0, 0, 0, 0, 0, 0, 0, 0, 0, 0, 0, 0, 0, 0, 0, 0, 0, 0, 0, 0, 0, 0, 0, 0, 0, 0, 63.3, 0, 0, 0, 0, 0, 61.0, 0, 0, 0, 0, 0, 59.1, 0, 0, 0, 0, 0, 0, 0, 0
"Niger", 0, 0, 0, 0, 0, 0, 0, 0, 0, 0, 0, 0, 0, 0, 0, 0, 0, 0, 0, 0, 0, 0, 0, 0, 0, 0, 0, 0, 0, 0, 36.1, 0, 41.5, 0, 0, 0, 0, 0, 0, 0, 0, 0, 0, 44.4, 0, 37.3, 0, 0, 0, 31.5, 0, 0, 34.3, 0, 0, 0, 37.3, 0, 0, 0, 0, 0
"Nigeria", 0, 0, 0, 0, 0, 0, 0, 0, 0, 0, 0, 0, 0, 0, 0, 0, 0, 0, 0, 0, 0, 0, 0, 38.7, 0, 0, 0, 0, 0, 0, 45.0, 0, 0, 0, 51.9, 0, 0, 0, 0, 0, 0, 40.1, 0, 0, 0, 0, 0, 0, 35.7, 0, 35.5, 0, 0, 35.9, 0, 0, 35.1, 0, 0, 0, 0, 0
"Nicaragua", 0, 0, 0, 0, 0, 0, 0, 0, 0, 0, 0, 0, 0, 0, 0, 0, 0, 0, 0, 0, 0, 0, 0, 0, 0, 0, 0, 0, 0, 0, 0, 57.4, 0, 0, 0, 0, 54.4, 0, 0, 52.9, 0, 0, 0, 48.8, 0, 0, 0, 43.9, 0, 0, 0, 0, 46.2, 0, 0, 0, 0, 0, 0, 0, 0, 0
"Netherlands", 0, 0, 0, 0, 0, 0, 0, 0, 0, 0, 0, 0, 0, 0, 0, 0, 0, 0, 0, 0, 0, 28.4, 0, 0, 0, 26.8, 0, 0, 31.1, 0, 0, 30.4, 0, 0, 0, 0, 0, 28.1, 0, 0, 0, 0, 29.8, 29.0, 30.0, 29.6, 29.3, 27.9, 27.8, 27.8, 27.6, 28.1, 28.6, 28.2, 28.2, 28.5, 28.1, 29.2, 26.0, 0, 0, 0
"Norway", 0, 0, 0, 0, 0, 0, 0, 0, 0, 0, 0, 0, 0, 0, 0, 0, 0, 26.9, 0, 0, 0, 0, 0, 0, 24.6, 0, 0, 0, 0, 25.2, 0, 0, 0, 26.0, 0, 0, 0, 0, 27.4, 0, 0, 27.6, 31.6, 30.6, 26.4, 27.1, 27.0, 26.2, 25.7, 25.3, 25.7, 26.4, 26.8, 27.5, 28.5, 27.0, 27.6, 27.7, 0, 0, 0, 0
"Nepal", 0, 0, 0, 0, 0, 0, 0, 0, 0, 0, 0, 0, 0, 0, 0, 0, 0, 0, 0, 0, 0, 0, 0, 0, 0, 0, 0, 0, 0, 0, 0, 0, 0, 35.2, 0, 0, 0, 0, 0, 0, 0, 43.8, 0, 0, 0, 0, 0, 0, 32.8, 0, 0, 0, 0, 0, 0, 0, 0, 0, 0, 0, 0, 0
"New Zealand", 0, 0, 0, 0, 0, 0, 0, 0, 0, 0, 0, 0, 0, 0, 0, 0, 0, 0, 0, 0, 0, 0, 0, 0, 0, 0, 0, 0, 0, 0, 0, 0, 0, 0, 0, 0, 0, 0, 0, 0, 0, 0, 0, 0, 0, 0, 0, 0, 0, 0, 0, 0, 0, 0, 0, 0, 0, 0, 0, 0, 0, 0
"Oman", 0, 0, 0, 0, 0, 0, 0, 0, 0, 0, 0, 0, 0, 0, 0, 0, 0, 0, 0, 0, 0, 0, 0, 0, 0, 0, 0, 0, 0, 0, 0, 0, 0, 0, 0, 0, 0, 0, 0, 0, 0, 0, 0, 0, 0, 0, 0, 0, 0, 0, 0, 0, 0, 0, 0, 0, 0, 0, 0, 0, 0, 0
"Pakistan", 0, 0, 0, 0, 0, 0, 0, 0, 0, 0, 0, 0, 0, 0, 0, 0, 0, 0, 0, 0, 0, 0, 0, 0, 0, 33.3, 0, 0, 33.2, 0, 0, 0, 0, 0, 28.7, 0, 33.1, 0, 0, 28.7, 0, 0, 30.9, 31.3, 0, 29.7, 0, 0, 28.8, 29.7, 0, 29.5, 0, 31.3, 0, 0, 29.6, 0, 0, 0, 0, 0
"Panama", 0, 0, 0, 0, 0, 0, 0, 0, 0, 0, 0, 0, 0, 0, 0, 0, 0, 48.7, 0, 0, 0, 0, 0, 0, 0, 0, 0, 58.9, 0, 58.2, 0, 0, 0, 57.8, 0, 58.2, 57.5, 56.5, 56.6, 56.7, 56.1, 55.7, 54.8, 53.8, 54.6, 52.7, 52.7, 51.8, 51.6, 51.3, 51.7, 51.5, 50.5, 50.8, 50.4, 49.9, 49.2, 49.8, 0, 50.9, 0, 0
"Peru", 0, 0, 0, 0, 0, 0, 0, 0, 0, 0, 0, 0, 0, 0, 0, 0, 0, 0, 0, 0, 0, 0, 0, 0, 0, 0, 0, 0, 0, 0, 0, 0, 0, 0, 0, 53.3, 55.1, 54.8, 49.1, 51.3, 53.6, 53.1, 49.9, 50.5, 50.3, 50.0, 47.5, 47.0, 45.5, 44.7, 44.4, 43.9, 43.1, 43.4, 43.6, 43.3, 42.4, 41.6, 43.8, 40.2, 0, 0
"Philippines", 0, 0, 0, 0, 0, 0, 0, 0, 0, 0, 0, 0, 0, 0, 0, 0, 0, 0, 0, 0, 0, 0, 0, 0, 0, 0, 0, 0, 0, 0, 0, 0, 0, 0, 0, 0, 0, 0, 47.7, 0, 0, 46.6, 0, 0, 47.2, 0, 0, 46.3, 0, 0, 46.5, 0, 0, 44.6, 0, 0, 42.3, 0, 0, 40.7, 0, 0
"Poland", 0, 0, 0, 0, 0, 0, 0, 0, 0, 0, 0, 0, 0, 0, 0, 0, 0, 0, 0, 0, 0, 0, 0, 0, 0, 0, 0, 0, 0, 0, 0, 0, 0, 0, 0, 0, 0, 0, 0, 0, 0, 0, 38.0, 35.8, 34.7, 34.0, 33.5, 33.4, 33.2, 33.2, 33.0, 33.1, 32.8, 31.8, 31.2, 29.7, 30.2, 28.8, 0, 0, 0, 0
"Korea, Dem. People's Rep.", 0, 0, 0, 0, 0, 0, 0, 0, 0, 0, 0, 0, 0, 0, 0, 0, 0, 0, 0, 0, 0, 0, 0, 0, 0, 0, 0, 0, 0, 0, 0, 0, 0, 0, 0, 0, 0, 0, 0, 0, 0, 0, 0, 0, 0, 0, 0, 0, 0, 0, 0, 0, 0, 0, 0, 0, 0, 0, 0, 0, 0, 0
"Portugal", 0, 0, 0, 0, 0, 0, 0, 0, 0, 0, 0, 0, 0, 0, 0, 0, 0, 0, 0, 0, 0, 0, 0, 0, 0, 0, 0, 0, 0, 0, 0, 0, 0, 0, 0, 0, 0, 0, 0, 0, 0, 38.8, 38.9, 38.5, 38.1, 36.8, 36.6, 34.9, 35.8, 36.3, 36.0, 36.2, 35.6, 35.5, 35.2, 33.8, 33.5, 32.8, 34.7, 0, 0, 0
"Paraguay", 0, 0, 0, 0, 0, 0, 0, 0, 0, 0, 0, 0, 0, 0, 0, 0, 0, 0, 0, 0, 0, 0, 0, 0, 0, 0, 0, 0, 40.8, 0, 0, 0, 0, 58.2, 0, 54.9, 0, 54.6, 0, 54.6, 57.3, 54.9, 52.3, 51.4, 53.0, 53.0, 50.7, 49.1, 51.0, 52.3, 47.6, 47.9, 50.7, 47.6, 47.9, 48.5, 46.0, 45.7, 43.5, 42.9, 45.1, 0
"Qatar", 0, 0, 0, 0, 0, 0, 0, 0, 0, 0, 0, 0, 0, 0, 0, 0, 0, 0, 0, 0, 0, 0, 0, 0, 0, 0, 0, 0, 0, 0, 0, 0, 0, 0, 0, 0, 0, 0, 0, 0, 0, 0, 0, 0, 0, 0, 0, 0, 0, 0, 0, 0, 0, 0, 0, 0, 0, 0, 0, 0, 0, 0
"Romania", 0, 0, 0, 0, 0, 0, 0, 0, 0, 0, 0, 0, 0, 0, 0, 0, 0, 0, 0, 0, 0, 0, 0, 0, 0, 0, 0, 0, 0, 0, 0, 0, 0, 0, 0, 0, 0, 0, 0, 0, 0, 0, 0, 0, 39.6, 37.5, 36.4, 35.6, 35.5, 35.9, 36.5, 36.9, 36.0, 35.9, 34.4, 36.0, 35.8, 34.8, 34.6, 0, 0, 0
"Russian Federation", 0, 0, 0, 0, 0, 0, 0, 0, 0, 0, 0, 0, 0, 0, 0, 0, 0, 0, 0, 0, 0, 0, 0, 0, 0, 0, 0, 0, 0, 0, 0, 0, 0, 0, 0, 38.4, 38.1, 37.4, 37.1, 36.9, 37.3, 40.0, 40.3, 41.3, 41.0, 42.3, 41.6, 39.8, 39.5, 39.7, 40.7, 40.9, 39.9, 37.7, 36.8, 37.2, 37.5, 37.7, 36.0, 0, 0, 0
"Rwanda", 0, 0, 0, 0, 0, 0, 0, 0, 0, 0, 0, 0, 0, 0, 0, 0, 0, 0, 0, 0, 0, 0, 0, 0, 0, 0, 0, 0, 0, 0, 0, 0, 0, 0, 0, 0, 0, 0, 48.5, 0, 0, 0, 0, 52.0, 0, 0, 0, 0, 47.2, 0, 0, 45.1, 0, 0, 43.7, 0, 0, 0, 0, 0, 0, 0
"Saudi Arabia", 0, 0, 0, 0, 0, 0, 0, 0, 0, 0, 0, 0, 0, 0, 0, 0, 0, 0, 0, 0, 0, 0, 0, 0, 0, 0, 0, 0, 0, 0, 0, 0, 0, 0, 0, 0, 0, 0, 0, 0, 0, 0, 0, 0, 0, 0, 0, 0, 0, 0, 0, 0, 0, 0, 0, 0, 0, 0, 0, 0, 0, 0
"Sudan", 0, 0, 0, 0, 0, 0, 0, 0, 0, 0, 0, 0, 0, 0, 0, 0, 0, 0, 0, 0, 0, 0, 0, 0, 0, 0, 0, 0, 0, 0, 0, 0, 0, 0, 0, 0, 0, 0, 0, 0, 0, 0, 0, 0, 0, 0, 0, 35.4, 0, 0, 0, 0, 34.2, 0, 0, 0, 0, 0, 0, 0, 0, 0
"Senegal", 0, 0, 0, 0, 0, 0, 0, 0, 0, 0, 0, 0, 0, 0, 0, 0, 0, 0, 0, 0, 0, 0, 0, 0, 0, 0, 0, 0, 0, 54.1, 0, 0, 41.4, 0, 0, 0, 0, 0, 0, 41.2, 0, 0, 0, 39.2, 0, 0, 0, 0, 0, 40.3, 0, 0, 0, 0, 0, 0, 38.3, 0, 0, 0, 0, 0
"Singapore", 0, 0, 0, 0, 0, 0, 0, 0, 0, 0, 0, 0, 0, 0, 0, 0, 0, 0, 0, 0, 0, 0, 0, 0, 0, 0, 0, 0, 0, 0, 0, 0, 0, 0, 0, 0, 0, 0, 0, 0, 0, 0, 0, 0, 0, 0, 0, 0, 0, 0, 0, 0, 0, 0, 0, 0, 0, 0, 0, 0, 0, 0
"Sierra Leone", 0, 0, 0, 0, 0, 0, 0, 0, 0, 0, 0, 0, 0, 0, 0, 0, 0, 0, 0, 0, 0, 0, 0, 0, 0, 0, 0, 0, 0, 0, 0, 0, 0, 0, 0, 0, 0, 0, 0, 0, 0, 40.2, 0, 0, 0, 0, 0, 0, 0, 34.0, 0, 0, 0, 0, 0, 0, 35.7, 0, 0, 0, 0, 0
"El Salvador", 0, 0, 0, 0, 0, 0, 0, 0, 0, 0, 0, 0, 0, 0, 0, 0, 0, 0, 0, 0, 0, 0, 0, 0, 0, 0, 0, 0, 0, 54.0, 0, 0, 0, 49.9, 51.0, 0, 54.5, 52.2, 51.5, 51.4, 51.9, 50.5, 47.8, 48.5, 45.7, 45.2, 46.9, 45.8, 43.5, 42.3, 41.8, 43.4, 41.6, 40.6, 40.0, 38.0, 38.6, 38.8, 0, 39.0, 38.8, 0
"San Marino", 0, 0, 0, 0, 0, 0, 0, 0, 0, 0, 0, 0, 0, 0, 0, 0, 0, 0, 0, 0, 0, 0, 0, 0, 0, 0, 0, 0, 0, 0, 0, 0, 0, 0, 0, 0, 0, 0, 0, 0, 0, 0, 0, 0, 0, 0, 0, 0, 0, 0, 0, 0, 0, 0, 0, 0, 0, 0, 0, 0, 0, 0
"Somalia", 0, 0, 0, 0, 0, 0, 0, 0, 0, 0, 0, 0, 0, 0, 0, 0, 0, 0, 0, 0, 0, 0, 0, 0, 0, 0, 0, 0, 0, 0, 0, 0, 0, 0, 0, 0, 0, 0, 0, 0, 0, 0, 0, 0, 0, 0, 0, 0, 0, 0, 0, 0, 0, 0, 0, 0, 0, 0, 0, 0, 0, 0
"Serbia", 0, 0, 0, 0, 0, 0, 0, 0, 0, 0, 0, 0, 0, 0, 0, 0, 0, 0, 0, 0, 0, 0, 0, 0, 0, 0, 0, 0, 0, 0, 0, 0, 0, 0, 0, 0, 0, 0, 0, 0, 0, 0, 0, 0, 0, 0, 0, 0, 0, 0, 39.9, 39.5, 40.5, 40.5, 38.8, 36.2, 35.0, 34.5, 35.0, 0, 0, 0
"South Sudan", 0, 0, 0, 0, 0, 0, 0, 0, 0, 0, 0, 0, 0, 0, 0, 0, 0, 0, 0, 0, 0, 0, 0, 0, 0, 0, 0, 0, 0, 0, 0, 0, 0, 0, 0, 0, 0, 0, 0, 0, 0, 0, 0, 0, 0, 0, 0, 46.3, 0, 0, 0, 0, 0, 0, 44.1, 0, 0, 0, 0, 0, 0, 0
"Suriname", 0, 0, 0, 0, 0, 0, 0, 0, 0, 0, 0, 0, 0, 0, 0, 0, 0, 0, 0, 0, 0, 0, 0, 0, 0, 0, 0, 0, 0, 0, 0, 0, 0, 0, 0, 0, 0, 57.9, 0, 0, 0, 0, 0, 0, 0, 0, 0, 0, 0, 0, 0, 0, 0, 0, 0, 0, 0, 0, 0, 0, 0, 0
"Slovak Republic", 0, 0, 0, 0, 0, 0, 0, 0, 0, 0, 0, 0, 0, 0, 0, 0, 0, 0, 0, 0, 0, 0, 0, 0, 0, 0, 0, 0, 0, 0, 0, 0, 0, 0, 0, 0, 0, 0, 0, 0, 0, 0, 27.1, 29.3, 25.8, 24.7, 26.0, 27.2, 27.3, 26.5, 26.1, 28.1, 26.1, 26.5, 25.2, 23.2, 25.0, 23.2, 0, 0, 0, 0
"Slovenia", 0, 0, 0, 0, 0, 0, 0, 0, 0, 0, 0, 0, 0, 0, 0, 0, 0, 0, 0, 0, 0, 0, 0, 0, 0, 0, 0, 0, 0, 0, 0, 0, 0, 0, 0, 0, 0, 0, 0, 0, 0, 0, 24.8, 24.6, 24.4, 24.4, 23.7, 24.8, 24.9, 24.9, 25.6, 26.2, 25.7, 25.4, 24.8, 24.2, 24.6, 24.4, 24.0, 0, 0, 0
"Sweden", 0, 0, 0, 0, 0, 0, 0, 0, 0, 0, 0, 0, 0, 24.3, 0, 0, 0, 0, 0, 22.9, 0, 0, 0, 0, 0, 23.1, 0, 0, 0, 0, 24.9, 0, 0, 25.2, 0, 0, 0, 0, 27.2, 0, 25.8, 25.3, 26.1, 26.8, 26.4, 27.1, 28.1, 27.3, 27.7, 27.6, 27.6, 28.8, 28.4, 29.2, 29.6, 28.8, 30.0, 29.3, 28.9, 0, 0, 0
"Eswatini", 0, 0, 0, 0, 0, 0, 0, 0, 0, 0, 0, 0, 0, 0, 0, 0, 0, 0, 0, 0, 0, 0, 0, 0, 0, 0, 0, 0, 0, 0, 0, 0, 60.5, 0, 0, 0, 0, 0, 53.1, 0, 0, 0, 0, 0, 0, 0, 0, 51.5, 0, 0, 0, 0, 0, 0, 54.6, 0, 0, 0, 0, 0, 0, 0
"Seychelles", 0, 0, 0, 0, 0, 0, 0, 0, 0, 0, 0, 0, 0, 0, 0, 0, 0, 0, 0, 0, 0, 0, 0, 0, 0, 0, 0, 0, 0, 0, 0, 0, 0, 0, 0, 0, 0, 0, 0, 0, 0, 0, 0, 0, 0, 0, 0, 0, 0, 0, 0, 46.8, 0, 0, 0, 0, 32.1, 0, 0, 0, 0, 0
"Syrian Arab Republic", 0, 0, 0, 0, 0, 0, 0, 0, 0, 0, 0, 0, 0, 0, 0, 0, 0, 0, 0, 0, 0, 0, 0, 0, 0, 0, 0, 0, 0, 0, 0, 0, 0, 0, 35.2, 0, 0, 0, 0, 0, 0, 37.5, 0, 0, 0, 0, 0, 0, 0, 0, 0, 0, 0, 0, 0, 0, 0, 0, 0, 0, 0, 0
"Chad", 0, 0, 0, 0, 0, 0, 0, 0, 0, 0, 0, 0, 0, 0, 0, 0, 0, 0, 0, 0, 0, 0, 0, 0, 0, 0, 0, 0, 0, 0, 0, 0, 0, 0, 0, 0, 0, 0, 0, 0, 0, 39.8, 0, 0, 0, 0, 0, 0, 0, 43.3, 0, 0, 0, 0, 0, 0, 37.5, 0, 0, 0, 0, 0
"Togo", 0, 0, 0, 0, 0, 0, 0, 0, 0, 0, 0, 0, 0, 0, 0, 0, 0, 0, 0, 0, 0, 0, 0, 0, 0, 0, 0, 0, 0, 0, 0, 0, 0, 0, 0, 0, 0, 0, 0, 0, 0, 0, 0, 0, 42.2, 0, 0, 0, 0, 46.0, 0, 0, 0, 43.1, 0, 0, 42.5, 0, 0, 0, 0, 0
"Thailand", 0, 0, 0, 0, 0, 0, 0, 0, 0, 0, 0, 0, 0, 0, 0, 0, 0, 0, 0, 45.2, 0, 0, 0, 0, 0, 0, 43.8, 0, 45.3, 0, 47.9, 0, 43.5, 0, 42.9, 0, 41.5, 43.1, 42.8, 0, 41.9, 0, 42.5, 0, 41.8, 39.8, 40.3, 39.6, 39.4, 37.5, 39.3, 37.8, 37.0, 36.0, 36.9, 36.5, 36.4, 34.9, 35.0, 35.1, 0, 0
"Tajikistan", 0, 0, 0, 0, 0, 0, 0, 0, 0, 0, 0, 0, 0, 0, 0, 0, 0, 0, 0, 0, 0, 0, 0, 0, 0, 0, 0, 0, 0, 0, 0, 0, 0, 0, 0, 0, 0, 29.5, 0, 0, 0, 32.7, 33.6, 0, 0, 32.2, 0, 30.8, 0, 0, 0, 0, 0, 34.0, 0, 0, 0, 0, 0, 0, 0, 0
"Turkmenistan", 0, 0, 0, 0, 0, 0, 0, 0, 0, 0, 0, 0, 0, 0, 0, 0, 0, 0, 0, 0, 0, 0, 0, 0, 0, 0, 0, 0, 0, 0, 0, 0, 0, 0, 0, 0, 40.8, 0, 0, 0, 0, 0, 0, 0, 0, 0, 0, 0, 0, 0, 0, 0, 0, 0, 0, 0, 0, 0, 0, 0, 0, 0
"Timor-Leste", 0, 0, 0, 0, 0, 0, 0, 0, 0, 0, 0, 0, 0, 0, 0, 0, 0, 0, 0, 0, 0, 0, 0, 0, 0, 0, 0, 0, 0, 0, 0, 0, 0, 0, 0, 0, 0, 0, 0, 35.9, 0, 0, 0, 0, 0, 27.8, 0, 0, 0, 0, 0, 0, 28.7, 0, 0, 0, 0, 0, 0, 0, 0, 0
"Trinidad and Tobago", 0, 0, 0, 0, 0, 0, 0, 0, 0, 0, 0, 0, 0, 0, 0, 0, 0, 0, 0, 0, 0, 0, 0, 0, 0, 0, 42.6, 0, 0, 0, 40.3, 0, 0, 0, 0, 0, 0, 0, 0, 0, 0, 0, 0, 0, 0, 0, 0, 0, 0, 0, 0, 0, 0, 0, 0, 0, 0, 0, 0, 0, 0, 0
"Tunisia", 0, 0, 0, 0, 0, 0, 0, 0, 0, 0, 0, 0, 0, 0, 0, 0, 0, 0, 0, 0, 0, 0, 0, 43.4, 0, 0, 0, 0, 40.2, 0, 0, 0, 0, 41.7, 0, 0, 0, 0, 40.8, 0, 0, 0, 0, 37.7, 0, 0, 0, 0, 35.8, 0, 0, 0, 0, 32.8, 0, 0, 0, 0, 0, 0, 0, 0
"Turkiye", 0, 0, 0, 0, 0, 0, 0, 0, 0, 0, 0, 0, 0, 0, 0, 0, 0, 0, 0, 0, 0, 0, 0, 0, 0, 43.5, 0, 0, 0, 0, 0, 0, 41.3, 0, 0, 0, 0, 0, 0, 0, 41.4, 42.2, 41.3, 42.6, 39.6, 38.4, 39.0, 39.0, 38.8, 40.0, 40.2, 40.2, 41.2, 42.9, 41.9, 41.4, 41.9, 41.9, 0, 0, 0, 0
"Tanzania", 0, 0, 0, 0, 0, 0, 0, 0, 0, 0, 0, 0, 0, 0, 0, 0, 0, 0, 0, 0, 0, 0, 0, 0, 0, 0, 0, 0, 0, 35.3, 0, 0, 0, 0, 0, 0, 0, 0, 37.3, 0, 0, 0, 0, 0, 0, 40.3, 0, 0, 0, 37.8, 0, 0, 0, 0, 0, 0, 40.5, 0, 0, 0, 0, 0
"Uganda", 0, 0, 0, 0, 0, 0, 0, 0, 0, 0, 0, 0, 0, 0, 0, 0, 0, 0, 0, 0, 0, 0, 0, 0, 0, 0, 0, 44.4, 0, 0, 41.4, 0, 0, 0, 39.0, 0, 0, 43.0, 0, 0, 45.2, 0, 0, 42.9, 0, 0, 0, 44.2, 0, 0, 41.0, 0, 0, 0, 42.8, 0, 0, 42.7, 0, 0, 0, 0
"Ukraine", 0, 0, 0, 0, 0, 0, 0, 0, 0, 0, 0, 0, 0, 0, 0, 0, 0, 0, 0, 0, 0, 0, 0, 0, 0, 0, 0, 0, 0, 0, 29.7, 28.9, 0, 39.3, 35.2, 0, 0, 0, 0, 0, 29.0, 28.7, 28.9, 29.0, 29.8, 27.0, 26.6, 25.3, 24.8, 24.6, 24.7, 24.6, 24.0, 25.5, 25.0, 26.0, 26.1, 26.6, 25.6, 0, 0, 0
"Uruguay", 0, 0, 0, 0, 0, 0, 0, 0, 0, 0, 0, 0, 0, 0, 0, 0, 0, 0, 0, 0, 0, 0, 0, 0, 0, 0, 0, 0, 0, 0, 0, 0, 0, 0, 0, 0, 0, 0, 0, 0, 0, 0, 0, 0, 45.9, 46.4, 45.1, 45.5, 44.5, 42.2, 39.9, 40.5, 40.1, 40.1, 39.7, 39.5, 39.7, 39.7, 40.2, 40.8, 0, 0
"United States", 0, 37.6, 38.1, 37.5, 37.8, 36.9, 36.3, 36.0, 36.6, 36.9, 36.7, 36.1, 35.5, 35.7, 35.6, 35.5, 34.8, 34.8, 34.7, 35.5, 36.7, 37.3, 37.3, 37.6, 37.6, 37.2, 37.7, 38.2, 38.3, 38.0, 38.4, 40.4, 40.0, 39.9, 40.3, 40.5, 40.0, 40.0, 40.1, 40.6, 40.4, 40.8, 40.3, 41.0, 41.4, 40.8, 40.8, 40.6, 40.0, 40.9, 40.9, 40.7, 41.5, 41.2, 41.1, 41.2, 41.4, 41.5, 39.7, 39.8, 0, 0
"Uzbekistan", 0, 0, 0, 0, 0, 0, 0, 0, 0, 0, 0, 0, 0, 0, 0, 0, 0, 0, 0, 0, 0, 0, 0, 0, 0, 0, 0, 0, 0, 0, 0, 0, 0, 0, 0, 0, 44.7, 0, 36.1, 0, 33.0, 35.3, 0, 0, 0, 0, 0, 0, 0, 0, 0, 0, 0, 0, 0, 0, 0, 0, 0, 0, 0, 0
"Venezuela, RB", 0, 0, 0, 0, 0, 0, 0, 0, 0, 0, 0, 0, 0, 0, 0, 0, 0, 0, 0, 55.6, 0, 0, 0, 0, 0, 53.4, 0, 43.8, 0, 0, 42.1, 0, 0, 47.2, 0, 0, 48.1, 47.8, 0, 47.2, 49.0, 48.1, 47.5, 49.5, 44.8, 0, 0, 0, 0, 0, 0, 0, 0, 0, 0, 0, 0, 0, 0, 0, 0, 0
"Viet Nam", 0, 0, 0, 0, 0, 0, 0, 0, 0, 0, 0, 0, 0, 0, 0, 0, 0, 0, 0, 0, 0, 0, 0, 0, 0, 0, 0, 0, 0, 0, 35.7, 0, 0, 0, 0, 35.4, 0, 0, 0, 0, 37.0, 0, 36.8, 0, 35.8, 0, 35.6, 0, 39.3, 0, 35.6, 0, 34.8, 0, 35.3, 0, 35.7, 0, 36.8, 0, 0, 0
"Yemen, Rep.", 0, 0, 0, 0, 0, 0, 0, 0, 0, 0, 0, 0, 0, 0, 0, 0, 0, 0, 0, 0, 0, 0, 0, 0, 0, 0, 0, 0, 0, 0, 0, 0, 0, 0, 0, 0, 35.0, 0, 0, 0, 0, 0, 0, 34.7, 0, 0, 0, 0, 0, 0, 0, 0, 36.7, 0, 0, 0, 0, 0, 0, 0, 0, 0
"South Africa", 0, 0, 0, 0, 0, 0, 0, 0, 0, 0, 0, 0, 0, 0, 0, 0, 0, 0, 0, 0, 0, 0, 0, 0, 0, 0, 0, 0, 0, 0, 0, 59.3, 0, 0, 0, 0, 0, 0, 57.8, 0, 0, 0, 0, 64.8, 0, 0, 63.0, 0, 63.4, 0, 0, 0, 63.0, 0, 0, 0, 0, 0, 0, 0, 0, 0
"Zambia", 0, 0, 0, 0, 0, 0, 0, 0, 0, 0, 0, 0, 0, 0, 0, 0, 0, 0, 0, 0, 0, 0, 0, 0, 0, 0, 0, 0, 0, 60.5, 0, 52.6, 0, 0, 48.3, 0, 49.1, 0, 0, 0, 42.1, 0, 54.3, 0, 54.6, 0, 0, 0, 52.0, 0, 0, 0, 0, 55.9, 0, 0, 0, 0, 0, 0, 0, 0
"Zimbabwe", 0, 0, 0, 0, 0, 0, 0, 0, 0, 0, 0, 0, 0, 0, 0, 0, 0, 0, 0, 0, 0, 0, 0, 0, 0, 0, 0, 0, 0, 0, 0, 0, 0, 0, 0, 0, 0, 0, 0, 0, 0, 0, 0, 0, 0, 0, 0, 0, 0, 43.2, 0, 0, 0, 0, 0, 44.3, 0, 50.3, 0, 0, 0, 0
